"name","company","phone","email","product","website","background","info","call_script"
"Steffanie Prüße","MamboCat","+49 5341 2255089","info@mambocat.de","Glas- und Porzellan-Haushaltswaren","https://www.mambocat.de","Einzelunternehmerin in Salzgitter-Bad verkauft Sturzgläser Geschirr und Geschenksets im Katalogstil.","nur Fotos kein Video","EINSTIEG:
Guten Tag, mein Name ist Jakob Rösler von Teammate. Spreche ich mit Steffanie Prüße von MamboCat?

AUFHÄNGER (personalisiert):
Ich hab mir gerade Ihren Shop angeschaut. Einzelunternehmerin in Salzgitter-Bad verkauft Sturzgläser Geschirr und Geschenksets im Katalogstil. Mir ist aufgefallen, dass Sie bei Glas- und Porzellan-Haushaltswaren bisher ausschließlich mit Fotos werben, aber noch kein Video im Einsatz haben.

WERTVERSPRECHEN:
Gerade bei Produkten wie Glas- und Porzellan-Haushaltswaren performen kurze Video-Ads auf Meta/TikTok im Schnitt deutlich besser als reine Fotowerbung - Leute wollen sehen, wie das Produkt funktioniert, bevor sie kaufen. Wir erstellen genau solche 16:9-Video-Ads direkt aus Fotos, die Sie schon haben - kein Fotoshooting, kein Aufwand für Sie.

FRAGE / CTA:
Hätten Sie Interesse, dass wir Ihnen kostenlos ein erstes Beispielvideo aus Ihren eigenen Produktfotos erstellen, damit Sie sehen, wie das Ihre Anzeigen verbessern könnte?

EINWAND ""kein Interesse/kein Budget"":
Kein Problem - darf ich Ihnen trotzdem kurz meine Kontaktdaten dalassen, falls sich das später ändert?

EINWAND ""schicken Sie mir eine E-Mail"":
Sehr gerne, an welche Adresse darf ich das Beispielvideo schicken?

EINWAND ""wir machen das selbst/haben schon jemanden"":
Verstehe ich total - dann wünsch ich Ihnen weiterhin viel Erfolg mit MamboCat, und melde mich nicht nochmal."
"Kristina Berbatovci","Yourorganizer","015170835199","kundendienst@yourorganizer.de","Küchen- und Kühlschrank-Organizer","https://yourorganizer.de","Solo-Inhaberin in Espenau verkauft Schubladen- und Gewürz-Organizer typisches Dropshipping-Sortiment.","nur Fotos kein Video","EINSTIEG:
Guten Tag, mein Name ist Jakob Rösler von Teammate. Spreche ich mit Kristina Berbatovci von Yourorganizer?

AUFHÄNGER (personalisiert):
Ich hab mir gerade Ihren Shop angeschaut. Solo-Inhaberin in Espenau verkauft Schubladen- und Gewürz-Organizer typisches Dropshipping-Sortiment. Mir ist aufgefallen, dass Sie bei Küchen- und Kühlschrank-Organizer bisher ausschließlich mit Fotos werben, aber noch kein Video im Einsatz haben.

WERTVERSPRECHEN:
Gerade bei Produkten wie Küchen- und Kühlschrank-Organizer performen kurze Video-Ads auf Meta/TikTok im Schnitt deutlich besser als reine Fotowerbung - Leute wollen sehen, wie das Produkt funktioniert, bevor sie kaufen. Wir erstellen genau solche 16:9-Video-Ads direkt aus Fotos, die Sie schon haben - kein Fotoshooting, kein Aufwand für Sie.

FRAGE / CTA:
Hätten Sie Interesse, dass wir Ihnen kostenlos ein erstes Beispielvideo aus Ihren eigenen Produktfotos erstellen, damit Sie sehen, wie das Ihre Anzeigen verbessern könnte?

EINWAND ""kein Interesse/kein Budget"":
Kein Problem - darf ich Ihnen trotzdem kurz meine Kontaktdaten dalassen, falls sich das später ändert?

EINWAND ""schicken Sie mir eine E-Mail"":
Sehr gerne, an welche Adresse darf ich das Beispielvideo schicken?

EINWAND ""wir machen das selbst/haben schon jemanden"":
Verstehe ich total - dann wünsch ich Ihnen weiterhin viel Erfolg mit Yourorganizer, und melde mich nicht nochmal."
"Selcuk Oral","SilikonBackform","+4915678751739","info@silikonbackform.com","Silikon-Backformen","https://silikonbackform.com","Einzelunternehmer in Düren verkauft Gugelhupf- Muffin- und Saisonbackformen.","nur Fotos kein Video","EINSTIEG:
Guten Tag, mein Name ist Jakob Rösler von Teammate. Spreche ich mit Selcuk Oral von SilikonBackform?

AUFHÄNGER (personalisiert):
Ich hab mir gerade Ihren Shop angeschaut. Einzelunternehmer in Düren verkauft Gugelhupf- Muffin- und Saisonbackformen. Mir ist aufgefallen, dass Sie bei Silikon-Backformen bisher ausschließlich mit Fotos werben, aber noch kein Video im Einsatz haben.

WERTVERSPRECHEN:
Gerade bei Produkten wie Silikon-Backformen performen kurze Video-Ads auf Meta/TikTok im Schnitt deutlich besser als reine Fotowerbung - Leute wollen sehen, wie das Produkt funktioniert, bevor sie kaufen. Wir erstellen genau solche 16:9-Video-Ads direkt aus Fotos, die Sie schon haben - kein Fotoshooting, kein Aufwand für Sie.

FRAGE / CTA:
Hätten Sie Interesse, dass wir Ihnen kostenlos ein erstes Beispielvideo aus Ihren eigenen Produktfotos erstellen, damit Sie sehen, wie das Ihre Anzeigen verbessern könnte?

EINWAND ""kein Interesse/kein Budget"":
Kein Problem - darf ich Ihnen trotzdem kurz meine Kontaktdaten dalassen, falls sich das später ändert?

EINWAND ""schicken Sie mir eine E-Mail"":
Sehr gerne, an welche Adresse darf ich das Beispielvideo schicken?

EINWAND ""wir machen das selbst/haben schon jemanden"":
Verstehe ich total - dann wünsch ich Ihnen weiterhin viel Erfolg mit SilikonBackform, und melde mich nicht nochmal."
"Konrad Zschieschang","Waya","+49 162 9112151","Kontakt@waya-shop.de","Küchenorganizer und minimalistische Haushaltswaren","https://waya-shop.de","Solo-Inhaber in Berlin mit minimalistischem Multi-Kategorie-Sortiment.","nur Fotos kein Video","EINSTIEG:
Guten Tag, mein Name ist Jakob Rösler von Teammate. Spreche ich mit Konrad Zschieschang von Waya?

AUFHÄNGER (personalisiert):
Ich hab mir gerade Ihren Shop angeschaut. Solo-Inhaber in Berlin mit minimalistischem Multi-Kategorie-Sortiment. Mir ist aufgefallen, dass Sie bei Küchenorganizer und minimalistische Haushaltswaren bisher ausschließlich mit Fotos werben, aber noch kein Video im Einsatz haben.

WERTVERSPRECHEN:
Gerade bei Produkten wie Küchenorganizer und minimalistische Haushaltswaren performen kurze Video-Ads auf Meta/TikTok im Schnitt deutlich besser als reine Fotowerbung - Leute wollen sehen, wie das Produkt funktioniert, bevor sie kaufen. Wir erstellen genau solche 16:9-Video-Ads direkt aus Fotos, die Sie schon haben - kein Fotoshooting, kein Aufwand für Sie.

FRAGE / CTA:
Hätten Sie Interesse, dass wir Ihnen kostenlos ein erstes Beispielvideo aus Ihren eigenen Produktfotos erstellen, damit Sie sehen, wie das Ihre Anzeigen verbessern könnte?

EINWAND ""kein Interesse/kein Budget"":
Kein Problem - darf ich Ihnen trotzdem kurz meine Kontaktdaten dalassen, falls sich das später ändert?

EINWAND ""schicken Sie mir eine E-Mail"":
Sehr gerne, an welche Adresse darf ich das Beispielvideo schicken?

EINWAND ""wir machen das selbst/haben schon jemanden"":
Verstehe ich total - dann wünsch ich Ihnen weiterhin viel Erfolg mit Waya, und melde mich nicht nochmal."
"David Schäfer","Davartis","+49 6476 419 822 0","info@davartis.de","Beauty- und Wellness-Gadgets (Gesichtsroller Porensauger)","https://www.davartis.de","Einzelunternehmer in Mengerskirchen (Hessen) mit breitem Wellness-Gadget-Katalog.","nur Fotos kein Video","EINSTIEG:
Guten Tag, mein Name ist Jakob Rösler von Teammate. Spreche ich mit David Schäfer von Davartis?

AUFHÄNGER (personalisiert):
Ich hab mir gerade Ihren Shop angeschaut. Einzelunternehmer in Mengerskirchen (Hessen) mit breitem Wellness-Gadget-Katalog. Mir ist aufgefallen, dass Sie bei Beauty- und Wellness-Gadgets (Gesichtsroller Porensauger) bisher ausschließlich mit Fotos werben, aber noch kein Video im Einsatz haben.

WERTVERSPRECHEN:
Gerade bei Produkten wie Beauty- und Wellness-Gadgets (Gesichtsroller Porensauger) performen kurze Video-Ads auf Meta/TikTok im Schnitt deutlich besser als reine Fotowerbung - Leute wollen sehen, wie das Produkt funktioniert, bevor sie kaufen. Wir erstellen genau solche 16:9-Video-Ads direkt aus Fotos, die Sie schon haben - kein Fotoshooting, kein Aufwand für Sie.

FRAGE / CTA:
Hätten Sie Interesse, dass wir Ihnen kostenlos ein erstes Beispielvideo aus Ihren eigenen Produktfotos erstellen, damit Sie sehen, wie das Ihre Anzeigen verbessern könnte?

EINWAND ""kein Interesse/kein Budget"":
Kein Problem - darf ich Ihnen trotzdem kurz meine Kontaktdaten dalassen, falls sich das später ändert?

EINWAND ""schicken Sie mir eine E-Mail"":
Sehr gerne, an welche Adresse darf ich das Beispielvideo schicken?

EINWAND ""wir machen das selbst/haben schon jemanden"":
Verstehe ich total - dann wünsch ich Ihnen weiterhin viel Erfolg mit Davartis, und melde mich nicht nochmal."
"Taylan Demir","Waagemann","+49 15908421092","kontakt@waagemann.de","Allgemeine Geschenk-/Gadget-Artikel (u.a. Ohr-Reinigungskamera)","https://waagemann-shop.de","Einzelinhaber in Bönen mit breitem Dropshipping-Sortiment quer durch mehrere Kategorien.","nur Fotos kein Video","EINSTIEG:
Guten Tag, mein Name ist Jakob Rösler von Teammate. Spreche ich mit Taylan Demir von Waagemann?

AUFHÄNGER (personalisiert):
Ich hab mir gerade Ihren Shop angeschaut. Einzelinhaber in Bönen mit breitem Dropshipping-Sortiment quer durch mehrere Kategorien. Mir ist aufgefallen, dass Sie bei Allgemeine Geschenk-/Gadget-Artikel (u.a. Ohr-Reinigungskamera) bisher ausschließlich mit Fotos werben, aber noch kein Video im Einsatz haben.

WERTVERSPRECHEN:
Gerade bei Produkten wie Allgemeine Geschenk-/Gadget-Artikel (u.a. Ohr-Reinigungskamera) performen kurze Video-Ads auf Meta/TikTok im Schnitt deutlich besser als reine Fotowerbung - Leute wollen sehen, wie das Produkt funktioniert, bevor sie kaufen. Wir erstellen genau solche 16:9-Video-Ads direkt aus Fotos, die Sie schon haben - kein Fotoshooting, kein Aufwand für Sie.

FRAGE / CTA:
Hätten Sie Interesse, dass wir Ihnen kostenlos ein erstes Beispielvideo aus Ihren eigenen Produktfotos erstellen, damit Sie sehen, wie das Ihre Anzeigen verbessern könnte?

EINWAND ""kein Interesse/kein Budget"":
Kein Problem - darf ich Ihnen trotzdem kurz meine Kontaktdaten dalassen, falls sich das später ändert?

EINWAND ""schicken Sie mir eine E-Mail"":
Sehr gerne, an welche Adresse darf ich das Beispielvideo schicken?

EINWAND ""wir machen das selbst/haben schon jemanden"":
Verstehe ich total - dann wünsch ich Ihnen weiterhin viel Erfolg mit Waagemann, und melde mich nicht nochmal."
"Marius Kiesgen","Wohnzimmerfitness","0151 22680927","info@wohnzimmerfitness.de","Home-Fitness-Geräte (Crosstrainer Rudergeräte Faszienrollen)","https://www.wohnzimmerfitness.de/","Solo-Inhaber in Marburg verkauft Heimfitnessgeräte ohne Ladengeschäft.","nur Fotos kein Video","EINSTIEG:
Guten Tag, mein Name ist Jakob Rösler von Teammate. Spreche ich mit Marius Kiesgen von Wohnzimmerfitness?

AUFHÄNGER (personalisiert):
Ich hab mir gerade Ihren Shop angeschaut. Solo-Inhaber in Marburg verkauft Heimfitnessgeräte ohne Ladengeschäft. Mir ist aufgefallen, dass Sie bei Home-Fitness-Geräte (Crosstrainer Rudergeräte Faszienrollen) bisher ausschließlich mit Fotos werben, aber noch kein Video im Einsatz haben.

WERTVERSPRECHEN:
Gerade bei Produkten wie Home-Fitness-Geräte (Crosstrainer Rudergeräte Faszienrollen) performen kurze Video-Ads auf Meta/TikTok im Schnitt deutlich besser als reine Fotowerbung - Leute wollen sehen, wie das Produkt funktioniert, bevor sie kaufen. Wir erstellen genau solche 16:9-Video-Ads direkt aus Fotos, die Sie schon haben - kein Fotoshooting, kein Aufwand für Sie.

FRAGE / CTA:
Hätten Sie Interesse, dass wir Ihnen kostenlos ein erstes Beispielvideo aus Ihren eigenen Produktfotos erstellen, damit Sie sehen, wie das Ihre Anzeigen verbessern könnte?

EINWAND ""kein Interesse/kein Budget"":
Kein Problem - darf ich Ihnen trotzdem kurz meine Kontaktdaten dalassen, falls sich das später ändert?

EINWAND ""schicken Sie mir eine E-Mail"":
Sehr gerne, an welche Adresse darf ich das Beispielvideo schicken?

EINWAND ""wir machen das selbst/haben schon jemanden"":
Verstehe ich total - dann wünsch ich Ihnen weiterhin viel Erfolg mit Wohnzimmerfitness, und melde mich nicht nochmal."
"Tim Richter","Seilspringer.com","+49 9123 9890162","info@seilspringer.com","Springseile und Zubehör","https://www.seilspringer.com/","Solo-Inhaber in Lauf (Bayern) spezialisiert auf Springseile als Nischenprodukt.","nur Fotos kein Video","EINSTIEG:
Guten Tag, mein Name ist Jakob Rösler von Teammate. Spreche ich mit Tim Richter von Seilspringer.com?

AUFHÄNGER (personalisiert):
Ich hab mir gerade Ihren Shop angeschaut. Solo-Inhaber in Lauf (Bayern) spezialisiert auf Springseile als Nischenprodukt. Mir ist aufgefallen, dass Sie bei Springseile und Zubehör bisher ausschließlich mit Fotos werben, aber noch kein Video im Einsatz haben.

WERTVERSPRECHEN:
Gerade bei Produkten wie Springseile und Zubehör performen kurze Video-Ads auf Meta/TikTok im Schnitt deutlich besser als reine Fotowerbung - Leute wollen sehen, wie das Produkt funktioniert, bevor sie kaufen. Wir erstellen genau solche 16:9-Video-Ads direkt aus Fotos, die Sie schon haben - kein Fotoshooting, kein Aufwand für Sie.

FRAGE / CTA:
Hätten Sie Interesse, dass wir Ihnen kostenlos ein erstes Beispielvideo aus Ihren eigenen Produktfotos erstellen, damit Sie sehen, wie das Ihre Anzeigen verbessern könnte?

EINWAND ""kein Interesse/kein Budget"":
Kein Problem - darf ich Ihnen trotzdem kurz meine Kontaktdaten dalassen, falls sich das später ändert?

EINWAND ""schicken Sie mir eine E-Mail"":
Sehr gerne, an welche Adresse darf ich das Beispielvideo schicken?

EINWAND ""wir machen das selbst/haben schon jemanden"":
Verstehe ich total - dann wünsch ich Ihnen weiterhin viel Erfolg mit Seilspringer.com, und melde mich nicht nochmal."
